countyFIP,County Name,State,Most Recent Recorded Cases,Predicted Most Recent Cases,Future Prediction
1051,Elmore County,AL,22,41.703108111849204,89.31976694070087
1073,Jefferson County,AL,461,553.5920254106194,2010.935937766629
1081,Lee County,AL,133,144.7667534939034,461.62152335740075
1089,Madison County,AL,150,153.8834455000018,596.941187532618
1101,Montgomery County,AL,74,117.05281358182737,286.16623274356317
1117,Shelby County,AL,159,165.6551823018672,610.1540335798405
1125,Tuscaloosa County,AL,79,85.70468342597424,335.20957221338927
2020,Municipality of Anchorage,AK,98,100.6399928503233,401.9956115366808
2090,Fairbanks North Star Borough,AK,65,57.971646180692986,242.75177268633416
2130,Ketchikan Gateway Borough,AK,14,21.961437101052883,35.18125138831401
4005,Coconino County,AZ,179,144.47444115733242,788.8272172952029
4013,Maricopa County,AZ,1495,1759.9780680054548,7028.958582012269
4017,Navajo County,AZ,222,242.6606329446329,1086.683657384339
4019,Pima County,AZ,415,461.04651380937946,1949.6418363067537
4021,Pinal County,AZ,120,151.96981389297926,645.2525837279456
5019,Clark County,AR,27,24.791573198461464,101.26815839437704
5023,Cleburne County,AR,67,88.55309943273525,218.00420365666707
5045,Faulkner County,AR,55,91.09531149394267,219.92212485411875
5051,Garland County,AR,51,50.8704457573502,206.8485667304492
5069,Jefferson County,AR,78,83.21763547402725,304.8488609510697
5119,Pulaski County,AR,179,262.5101637951268,763.9763293459227
5141,Van Buren County,AR,22,21.11008926561604,68.17895097005632
6001,Alameda County,CA,634,626.4350273346085,2272.8017512907763
6013,Contra Costa County,CA,442,451.85607848176215,1693.2520209444178
6019,Fresno County,CA,146,169.1717889673116,775.0920956794505
6025,Imperial County,CA,73,59.01460441838783,264.9186766336964
6029,Kern County,CA,261,184.16034019167867,1614.1143157532767
6037,Los Angeles County,CA,6910,6088.015765211844,40246.39895143654
6041,Marin County,CA,148,174.66056510307206,497.5110196886047
6053,Monterey County,CA,64,151.45113574792776,299.3558981364106
6059,Orange County,CA,931,935.4908347838889,3924.4599947961738
6061,Placer County,CA,115,133.1986585769676,401.2414221650334
6065,Riverside County,CA,1016,585.3783949951012,5654.459379327692
6067,Sacramento County,CA,525,490.8612508897892,2017.2444688506675
6069,San Benito County,CA,31,39.670053677931335,118.54643339667047
6071,San Bernardino County,CA,547,489.6617946305883,3068.64788800107
6073,San Diego County,CA,1454,1423.7932073144239,5346.090247617317
6075,San Francisco County,CA,622,755.4675999448012,2284.120981261974
6077,San Joaquin County,CA,233,325.09429061966193,856.4578849478589
6079,San Luis Obispo County,CA,99,145.2607078819603,326.4023351553463
6081,San Mateo County,CA,589,721.6518726704584,1960.9352592754926
6083,Santa Barbara County,CA,218,203.57600063465662,993.5151581214647
6085,Santa Clara County,CA,1285,1471.8333068115503,4190.272017848296
6087,Santa Cruz County,CA,76,87.55187258956384,262.93907814132854
6095,Solano County,CA,99,112.83846509000897,367.18663695188945
6097,Sonoma County,CA,120,156.50886404512136,428.3558404662772
6099,Stanislaus County,CA,90,93.96730438831231,425.0988009479555
6107,Tulare County,CA,157,145.55714443820824,840.6236804980159
6111,Ventura County,CA,243,247.84116482680125,960.7617979788046
6113,Yolo County,CA,56,67.27978510048268,223.82053350739307
8001,Adams County,CO,388,269.1236080564305,1699.8410058029583
8005,Arapahoe County,CO,718,501.84198901004265,2400.668232935477
8013,Boulder County,CO,206,229.0328850657417,731.053783513348
8031,Denver County,CO,884,1021.3352386333049,3119.620700654135
8035,Douglas County,CO,232,260.8504040735296,855.6216031591299
8037,Eagle County,CO,372,338.10469008477315,1261.8962649596554
8041,El Paso County,CO,457,668.1147777041504,1459.2778899841464
8045,Garfield County,CO,48,49.74055054131999,167.9624975350562
8051,Gunnison County,CO,95,122.86876624759492,264.3000495091184
8059,Jefferson County,CO,579,498.1988104214752,1978.9780520887412
8069,Larimer County,CO,161,242.9889004074236,561.1471171844199
8097,Pitkin County,CO,39,45.90133632171395,111.19895003001749
8117,Summit County,CO,53,47.70151907843607,187.45487147223682
8123,Weld County,CO,537,541.0477146438338,2340.8541706878664
9001,Fairfield County,CT,4136,4935.207586228469,17645.45322206992
9003,Hartford County,CT,1045,1249.1021354962154,4968.723390278402
9005,Litchfield County,CT,255,203.58016029172103,1105.0048567168371
9007,Middlesex County,CT,150,99.6253539440671,574.3696450870377
9009,New Haven County,CT,1664,1671.2650909375614,8589.530243431842
9013,Tolland County,CT,111,134.26502470784757,461.6090795699868
10001,Kent County,DE,147,126.2314973529913,719.6862780372905
10003,New Castle County,DE,571,688.523763244743,4003.3043203173193
10005,Sussex County,DE,210,204.25039789829145,1122.6227682597362
11001,Washington,DC,1211,1426.7714009177164,5445.985119621445
12001,Alachua County,FL,139,153.50779827815975,429.1900192429343
12009,Brevard County,FL,98,118.84940967662124,449.2344250597915
12011,Broward County,FL,2230,2317.6285754988917,10358.684031686176
12017,Citrus County,FL,51,59.4411561687875,238.41859414990068
12019,Clay County,FL,88,98.90171790505805,387.81069641331777
12021,Collier County,FL,271,267.006140677001,1196.0906950377346
12031,Duval County,FL,521,464.62189707923784,2525.5456326854387
12033,Escambia County,FL,168,122.28739198535874,677.3890884927413
12057,Hillsborough County,FL,608,740.8014140872087,2911.575950309752
12061,Indian River County,FL,62,72.37627220561936,260.51091831892853
12069,Lake County,FL,122,156.71400524556208,593.8853667507319
12071,Lee County,FL,439,333.89630583562524,2094.132511193849
12073,Leon County,FL,68,80.69731097994409,214.8085129230417
12081,Manatee County,FL,164,130.9303128478282,805.5936224471503
12086,Miami-Dade County,FL,5126,3740.20666269934,27929.11742499386
12091,Okaloosa County,FL,70,74.25098646712887,247.79409869524213
12095,Orange County,FL,768,458.52504294585606,3496.281624292858
12097,Osceola County,FL,256,194.52802929581048,1163.3962426240003
12099,Palm Beach County,FL,1159,884.6689992765772,4793.102664559211
12101,Pasco County,FL,122,157.20139611952,605.0149036496268
12103,Pinellas County,FL,387,395.1618761914805,1964.921015745609
12105,Polk County,FL,199,193.0125831749572,1049.9850817050024
12109,St. Johns County,FL,154,143.62348081371715,526.2507182007824
12115,Sarasota County,FL,173,222.03869089127502,744.364624118972
12117,Seminole County,FL,202,197.05413594178916,1014.0269542128708
12119,Sumter County,FL,87,74.98029405822045,378.49842081690167
12127,Volusia County,FL,163,155.76010605276093,762.0634581305474
12131,Walton County,FL,26,51.7931472130934,95.1581722491675
13015,Bartow County,GA,191,301.622424942918,777.5797698676895
13045,Carroll County,GA,183,188.6989668477014,771.323023066837
13051,Chatham County,GA,120,102.30248236357826,394.75935577268547
13057,Cherokee County,GA,147,173.49230717320734,567.9660205036391
13059,Clarke County,GA,78,117.91423598484863,334.349210236327
13063,Clayton County,GA,278,272.5581140108392,1877.12217263275
13067,Cobb County,GA,566,758.4595809511957,2310.4011854764804
13077,Coweta County,GA,80,82.26331036705746,325.97235837840566
13089,DeKalb County,GA,673,1043.8681621170715,2959.573877677203
13095,Dougherty County,GA,973,844.5024237256496,4606.884878367607
13097,Douglas County,GA,117,130.15356286796657,506.59350555000185
13113,Fayette County,GA,81,89.77497028270643,335.3198977457514
13115,Floyd County,GA,92,88.36799431848618,415.1156056743517
13117,Forsyth County,GA,99,92.08173345078195,386.8342353232665
13121,Fulton County,GA,1185,1746.4521936367235,4739.640538995922
13129,Gordon County,GA,25,44.77840515099804,115.0889934194778
13135,Gwinnett County,GA,540,500.3216606348174,2432.865608577535
13139,Hall County,GA,215,168.65931789468547,953.3707489973137
13151,Henry County,GA,208,166.1883010609468,927.6761727937679
13177,Lee County,GA,204,176.00719031454088,870.1632771996517
13185,Lowndes County,GA,45,64.2129474042767,181.5765057626018
13233,Polk County,GA,20,42.999134543196675,93.43067444313361
13245,Richmond County,GA,75,100.66269549502069,329.51652879653847
13247,Rockdale County,GA,86,80.21712475612607,362.86572394226897
15003,Honolulu County,HI,312,384.83822516435777,1542.6512880783362
15009,Maui County,HI,48,46.66344025067016,183.02928007013583
16001,Ada County,ID,438,254.4784529703462,1790.89340680764
16013,Blaine County,ID,428,213.90421076177412,1498.771839112966
17031,Cook County,IL,9509,9452.821124646323,44256.36953246095
17043,DuPage County,IL,795,787.0948038276359,3251.2788160835657
17089,Kane County,IL,255,253.17046798593492,1330.2326432988589
17097,Lake County,IL,923,914.420405422683,4202.413408106204
17111,McHenry County,IL,156,122.25785756245577,681.5135716837314
17113,McLean County,IL,57,58.631552933229045,230.33184529907737
17163,St. Clair County,IL,109,92.44418393583133,453.2182911960245
17197,Will County,IL,840,469.9631195414947,4130.119882957294
18003,Allen County,IN,87,96.35467215692235,399.4844164210694
18047,Franklin County,IN,60,33.55062764428664,211.991370376934
18057,Hamilton County,IN,363,209.3267288752597,1375.933265952117
18063,Hendricks County,IN,225,132.6933752000013,931.1879222423238
18081,Johnson County,IN,212,169.90306778008946,930.047982326352
18089,Lake County,IN,418,286.03019872670427,2589.7043242462855
18097,Marion County,IN,2141,2086.6878466456355,10220.541509326642
18141,St. Joseph County,IN,129,144.45549247263517,531.0389863300068
19049,Dallas County,IA,35,35.53956853188242,123.43162651347316
19103,Johnson County,IA,134,137.98268370788145,468.769060649606
19153,Polk County,IA,127,168.91716021742494,564.2951397187629
20091,Johnson County,KS,219,280.6286477370567,963.9746308277641
20103,Leavenworth County,KS,43,43.347702330953965,179.74394338884247
20209,Wyandotte County,KS,192,225.35837316328934,1118.8339342178306
21059,Daviess County,KY,63,76.86885077275942,265.8392491255423
21067,Fayette County,KY,159,201.94370348011412,766.8614838864435
21097,Harrison County,KY,14,20.640785440926315,42.3180866009417
21111,Jefferson County,KY,402,363.86709119217795,2110.9663789280044
21117,Kenton County,KY,70,82.6211323754466,363.04103811265065
21227,Warren County,KY,20,70.35933861119592,81.63640207309686
22005,Ascension Parish,LA,358,377.5490762178778,1641.4190972103554
22015,Bossier Parish,LA,146,110.89437091081457,559.7729414906045
22017,Caddo Parish,LA,756,356.90227336096655,3560.7499830174847
22033,East Baton Rouge Parish,LA,892,866.6100078726739,4470.492123318434
22047,Iberville Parish,LA,160,132.16611707484086,689.3992810231383
22051,Jefferson Parish,LA,3922,3731.7844072457606,20042.549143471
22055,Lafayette Parish,LA,272,180.73589534498095,1441.7015074717303
22057,Lafourche Parish,LA,322,186.05007545886647,1555.0166025460676
22071,Orleans Parish,LA,4942,6096.715604545753,24512.50117917693
22073,Ouachita Parish,LA,264,124.78089360942406,1243.6512154553207
22075,Plaquemines Parish,LA,115,81.4703758587358,454.28727075679234
22079,Rapides Parish,LA,129,114.72032192361773,598.4220874996196
22087,St. Bernard Parish,LA,289,213.46084200873153,1305.1828198187895
22089,St. Charles Parish,LA,310,181.5053176611416,1469.5253977581544
22093,St. James Parish,LA,176,109.46329812026454,822.6917941124676
22095,St. John the Baptist Parish,LA,415,240.73315271132964,2093.9807510964683
22103,St. Tammany Parish,LA,700,458.9470947290272,3276.096843191651
22109,Terrebonne Parish,LA,194,150.75214772682492,936.9094857990394
23005,Cumberland County,ME,253,291.3128136323258,940.8273817822964
23031,York County,ME,115,113.67135486885695,501.4389052775376
24003,Anne Arundel County,MD,370,371.8485683087513,1909.5170461917244
24005,Baltimore County,MD,652,680.686147538685,3395.5638031227563
24027,Howard County,MD,236,243.2349387376488,1038.0614168198738
24031,Montgomery County,MD,871,956.2879703038218,3522.728381558886
24033,Prince George's County,MD,1020,1105.6601366912014,4677.076986866304
24510,Baltimore City,MD,459,618.5518977156617,2688.2327493078024
25001,Barnstable County,MA,405,315.73081453429063,1580.6148208076147
25003,Berkshire County,MA,278,230.50671356357026,1289.4237355248956
25005,Bristol County,MA,768,510.3590793674328,4294.426641867305
25009,Essex County,MA,1841,1225.0984500091463,7901.730258782748
25013,Hampden County,MA,997,439.38595724939955,4467.11351150362
25015,Hampshire County,MA,158,81.3655629761268,595.9455518601333
25017,Middlesex County,MA,3187,2511.577345034008,12977.156648970195
25021,Norfolk County,MA,1592,1142.7507264480278,6523.115005981949
25023,Plymouth County,MA,1194,901.8517456185573,4927.21564112474
25025,Suffolk County,MA,3245,2407.541769588914,14145.220347556593
25027,Worcester County,MA,1172,775.6821688852713,5041.352092782048
26021,Berrien County,MI,64,77.30280686686152,253.95011027014633
26049,Genesee County,MI,638,534.6270718801923,2691.380939760084
26065,Ingham County,MI,189,125.9681585551499,642.631322609373
26081,Kent County,MI,187,258.0145342126371,750.7465996865798
26093,Livingston County,MI,155,137.02741330716253,617.290651875999
26099,Macomb County,MI,2414,2487.0653139149113,11844.989561255605
26115,Monroe County,MI,129,130.61493909192802,530.8470811550102
26125,Oakland County,MI,3736,3668.604080603342,15410.641813196311
26139,Ottawa County,MI,52,108.10114497727773,195.57591504098627
26145,Saginaw County,MI,153,116.35140140246394,696.5261170940786
26147,St. Clair County,MI,129,104.76909676840245,564.0336500896091
26161,Washtenaw County,MI,559,404.21824756425,1880.7274066143016
26163,Wayne County,MI,9045,9111.74934913635,45796.37452805444
27003,Anoka County,MN,42,56.12187848049325,185.09111486995798
27019,Carver County,MN,10,25.603549433980522,38.31539312777571
27037,Dakota County,MN,71,103.61093323144537,281.4340395286347
27053,Hennepin County,MN,310,445.23203183770397,1110.3481161601908
27091,Martin County,MN,34,30.33534437384465,105.50338532077805
27109,Olmsted County,MN,103,90.13357998298265,377.0726187042626
27123,Ramsey County,MN,101,142.71229977014687,473.3948988867319
27163,Washington County,MN,68,67.85512574028118,249.5612660906766
28027,Coahoma County,MS,30,35.52565809784403,113.82105742635711
28033,DeSoto County,MS,140,201.9815059897397,614.3441864106783
28035,Forrest County,MS,59,61.80225767508094,237.99607995263182
28047,Harrison County,MS,89,128.63261067057348,344.6812160946535
28049,Hinds County,MS,169,202.30671398548324,696.5959777044272
28059,Jackson County,MS,108,95.66619506327248,506.9983308665311
28071,Lafayette County,MS,25,36.9976958953761,96.1694257887699
28081,Lee County,MS,38,52.40204093015395,157.27193022063452
28083,Leflore County,MS,26,29.97838530437621,104.35515148389895
28089,Madison County,MS,82,80.66013399151149,312.9087956019132
28109,Pearl River County,MS,56,53.2392620090825,220.73966441990163
28113,Pike County,MS,31,34.75368295322353,139.42440856163446
28121,Rankin County,MS,78,95.24470016324271,341.7801713140273
28139,Tippah County,MS,36,40.13894378544294,135.96029024594907
29019,Boone County,MO,77,105.78434394254701,269.4496318075765
29077,Greene County,MO,67,99.05520578939489,240.45830212784108
29095,Jackson County (including other portions of Kansas City),MO,373,416.71434725428315,1969.3090904539558
29183,St. Charles County,MO,221,114.57041858573626,959.0034907277186
29189,St. Louis County,MO,1203,1186.16443852711,5710.747208704846
29510,City of St. Louis,MO,399,358.5374450381377,2120.0524804132006
30031,Gallatin County,MT,118,87.87147703903958,386.8465944685467
30111,Yellowstone County,MT,47,43.23642293554108,165.44291233069086
31055,Douglas County,NE,175,192.68034669412577,905.982958174671
32003,Clark County,NV,1734,2027.2340095983368,8165.756142983859
32031,Washoe County,NV,309,191.31953233736343,1283.9080420530754
33001,Belknap County,NH,21,23.73201622265786,86.73294140252781
33003,Carroll County,NH,19,21.490459943456173,58.62104465023909
33009,Grafton County,NH,41,47.213416961459934,122.23490116490561
33011,Hillsborough County,NH,288,197.17069855592098,1305.4218029655303
33015,Rockingham County,NH,255,232.07967510639432,1059.4741218542933
34003,Bergen County,NJ,7533,7527.510039837679,31109.178735939844
34005,Burlington County,NJ,733,549.0856096792918,2788.526228746428
34007,Camden County,NJ,736,790.460385369336,3812.7084556462496
34013,Essex County,NJ,5078,5090.062328331111,24766.675393820315
34015,Gloucester County,NJ,311,295.30337512293426,1639.8350408652107
34017,Hudson County,NJ,4949,4394.021024554409,20885.91238058861
34019,Hunterdon County,NJ,234,215.565656692374,972.8709838921941
34021,Mercer County,NJ,837,779.9670480286147,3725.100804493612
34023,Middlesex County,NJ,3717,3718.5055797630134,16063.180073431626
34025,Monmouth County,NJ,2770,3210.3542117362585,12374.926811973446
34027,Morris County,NJ,2239,2302.345382818212,9140.554903898053
34029,Ocean County,NJ,2641,2345.434098922935,13254.606767551306
34031,Passaic County,NJ,4101,3977.825348685795,21530.206094709094
34035,Somerset County,NJ,1033,1201.478020170561,4219.619544454113
34037,Sussex County,NJ,331,225.97311293186058,1466.7239172266957
34039,Union County,NJ,4358,4205.27613734689,20369.946582844823
34041,Warren County,NJ,255,176.81590601522302,1113.5289826679646
35001,Bernalillo County,NM,307,295.83052172254537,1297.3942073380183
35013,Dona Ana County,NM,35,52.46953654931522,128.8664409622494
35043,Sandoval County,NM,128,60.75722247167941,551.776995412928
35049,Santa Fe County,NM,66,71.50403690227463,239.56174787364935
36001,Albany County,NY,333,429.9608485992491,996.6283946045628
36005,Bronx County,NY,15348,16075.512430083323,74729.1345249914
36007,Broome County,NY,86,107.8168418997717,356.6482125588873
36019,Clinton County,NY,37,55.58256036884866,137.90189009245344
36021,Columbia County,NY,61,83.8579620151022,244.28816915244914
36027,Dutchess County,NY,1249,967.0624797278194,5752.234443022425
36029,Erie County,NY,1235,1068.602062180076,6180.777014657958
36047,Kings County,NY,20879,23795.29321270351,89059.31771342068
36055,Monroe County,NY,596,730.8123181452139,2890.359446638266
36059,Nassau County,NY,16610,17569.800050440506,74772.1460267116
36061,New York County,NY,11012,11692.342331713777,35823.5203717013
36063,Niagara County,NY,126,128.6241818382293,544.336887431025
36065,Oneida County,NY,118,100.97485011954751,520.7825147057638
36067,Onondaga County,NY,335,493.1991542644846,1305.1389646442244
36069,Ontario County,NY,33,48.953960464770624,121.27163579354549
36071,Orange County,NY,3599,3901.239064603097,15323.5283524067
36079,Putnam County,NY,366,437.9008926288069,1517.5525721474555
36081,Queens County,NY,24840,25969.492407470407,107972.457796288
36083,Rensselaer County,NY,91,135.1732873327538,333.923042610668
36085,Richmond County,NY,4797,5872.891675960184,21250.27088613977
36087,Rockland County,NY,5990,4828.089052330869,28659.159073523457
36091,Saratoga County,NY,155,212.87970809325023,487.2208863040457
36093,Schenectady County,NY,145,167.98526328273948,505.36575840189056
36103,Suffolk County,NY,14517,13861.529003228317,69273.91243638052
36105,Sullivan County,NY,270,245.12813415469276,1101.218871308735
36109,Tompkins County,NY,97,95.78780094389899,360.2402200778735
36111,Ulster County,NY,398,317.2752330073209,1810.2475919053225
36119,Westchester County,NY,14804,18422.52700854033,52984.782932923095
37025,Cabarrus County,NC,81,73.9942486266157,305.8493578215089
37063,Durham County,NC,205,328.87635621638765,756.9158758330962
37067,Forsyth County,NC,105,101.55405416784404,526.8669672396395
37081,Guilford County,NC,119,176.8611349563139,488.71063733834814
37085,Harnett County,NC,32,40.592012503177926,137.92828851861606
37097,Iredell County,NC,54,71.99405378876337,206.23592641543914
37119,Mecklenburg County,NC,810,887.6623345329734,3563.6697157995395
37135,Orange County,NC,73,76.41284613603455,253.2767598017283
37179,Union County,NC,83,106.13183132375939,335.8988505815091
37183,Wake County,NC,336,380.24927452403267,1338.1972102972247
38015,Burleigh County,ND,39,44.11554883634076,105.61519454816244
38059,Morton County,ND,18,20.306162871446183,48.59081303745677
39017,Butler County,OH,92,111.26644989990217,455.06715992753556
39035,Cuyahoga County,OH,911,1106.111117929914,4597.3087886018975
39041,Delaware County,OH,77,104.33794694967779,290.0233143231838
39049,Franklin County,OH,703,981.2153323118096,3269.7811777886477
39061,Hamilton County,OH,411,501.65684655078724,2163.4069969041407
39085,Lake County,OH,92,124.06330989945978,529.3605917359479
39093,Lorain County,OH,116,169.24170367437287,495.18595482419215
39095,Lucas County,OH,347,214.62513194234583,1948.166810800021
39099,Mahoning County,OH,300,258.3489354401635,1503.7862097485431
39103,Medina County,OH,88,112.37772939741676,380.2670585051958
39109,Miami County,OH,101,126.30624721531782,414.683470282177
39113,Montgomery County,OH,132,148.11939152366926,798.0650135845684
39151,Stark County,OH,110,127.43866426884294,541.9505900028141
39153,Summit County,OH,199,333.8889820218584,1090.6501849458123
39165,Warren County,OH,45,71.05988442781003,180.05500376836673
40027,Cleveland County,OK,203,160.9281081204671,831.4208445022548
40109,Oklahoma County,OK,303,404.10935732993715,1554.020579154109
40143,Tulsa County,OK,273,128.4231685952381,1444.0865192624447
41005,Clackamas County,OR,97,105.5033255562615,379.8257450652041
41017,Deschutes County,OR,44,41.9247167620804,150.3352411903303
41043,Linn County,OR,45,45.643511719183856,150.99986809702838
41047,Marion County,OR,215,213.9970439848279,971.3618380024959
41051,Multnomah County,OR,258,230.91767479433938,1095.2823398608273
41067,Washington County,OR,282,334.311482858786,978.4024377622429
42003,Allegheny County,PA,689,635.0929495950122,3525.7561989452397
42011,Berks County,PA,369,243.30181168774425,1792.6232144650671
42017,Bucks County,PA,690,677.7423105744846,3390.361624842808
42027,Centre County,PA,55,54.42438875165886,225.1743647363799
42029,Chester County,PA,335,312.36384410121644,1272.6961031819956
42041,Cumberland County,PA,77,83.93946249242315,336.8452382700471
42045,Delaware County,PA,898,876.6484278479405,4278.380610366981
42069,Lackawanna County,PA,235,192.16671222687984,1034.4164152896342
42071,Lancaster County,PA,490,242.6842568482204,2449.483190194452
42077,Lehigh County,PA,1146,590.121743265583,6035.66234321321
42079,Luzerne County,PA,982,565.6578588214118,5057.828964724739
42089,Monroe County,PA,610,416.72037450356845,2966.0600643366333
42091,Montgomery County,PA,1359,1263.1615076563282,5817.874275120196
42095,Northampton County,PA,774,487.55634933414035,4177.8984959516565
42101,Philadelphia County,PA,4012,2297.7277609788234,20145.08015496961
42125,Washington County,PA,57,76.56792515319239,237.2287411483818
42129,Westmoreland County,PA,177,179.84734691720348,862.4335662699943
42133,York County,PA,218,276.0052786941479,1109.0736151796234
45007,Anderson County,SC,75,94.70571685467948,309.7249562379513
45013,Beaufort County,SC,169,156.9736501274465,660.1077705910623
45019,Charleston County,SC,305,297.81458671088933,1246.88243989187
45031,Darlington County,SC,29,35.17889664925472,133.91564306911616
45045,Greenville County,SC,214,318.05700996148335,909.9246647490371
45051,Horry County,SC,91,121.84320440733256,434.6260902930841
45055,Kershaw County,SC,159,178.31661949567538,590.6104786483328
45063,Lexington County,SC,130,133.20993494912054,524.3019856187233
45075,Orangeburg County,SC,30,37.63461144034019,122.5841499546999
45079,Richland County,SC,340,327.48032985459264,1380.1499252684791
45085,Sumter County,SC,105,45.75461962709891,450.7049537027987
45091,York County,SC,108,115.67321210836056,444.2619029645979
46005,Beadle County,SD,21,30.145856636846425,55.719703140904016
47037,Davidson County,TN,888,1298.2844493142532,4058.92655484062
47065,Hamilton County,TN,95,114.02041461281516,410.93390115882295
47093,Knox County,TN,143,184.94763417308187,753.9285014798843
47141,Putnam County,TN,57,62.893476735537085,210.5797077222863
47147,Robertson County,TN,65,93.41406785959748,259.4709564776271
47149,Rutherford County,TN,178,149.3158122239778,722.2781255662941
47157,Shelby County,TN,835,1135.8184669636353,4134.946855963984
47165,Sumner County,TN,361,267.0739117071382,1638.9217658534699
47179,Washington County,TN,27,55.09518331607667,110.71815789179061
47187,Williamson County,TN,278,314.4481162541442,1080.6269990423984
47189,Wilson County,TN,113,65.10321029734092,464.3824873249742
48027,Bell County,TX,71,116.50312624250425,299.94302036222456
48029,Bexar County,TX,492,661.6908621970172,2371.996747955668
48039,Brazoria County,TX,173,174.94846934779935,778.7356649403924
48041,Brazos County,TX,97,93.20796823124098,361.57902371778556
48085,Collin County,TX,343,392.1460214160499,1342.542344009891
48113,Dallas County,TX,1261,1489.154492570175,5719.270521564049
48121,Denton County,TX,366,400.73596514815637,1280.427318870373
48139,Ellis County,TX,35,58.538815113050916,163.5636835885232
48141,El Paso County,TX,125,176.34138975757173,692.0340231882583
48157,Fort Bend County,TX,318,339.47154016861214,1280.0678969294015
48167,Galveston County,TX,256,161.84617380905019,1008.2843270770121
48201,Harris County,TX,1809,1014.6966173260599,9771.661588083261
48209,Hays County,TX,59,73.30025121984562,222.84499946515206
48303,Lubbock County,TX,191,112.45137252360458,815.6313471802604
48309,McLennan County,TX,56,126.58255208727563,230.88909893077965
48339,Montgomery County,TX,197,191.46317247173303,789.7738156489387
48355,Nueces County,TX,59,110.1737357935363,288.12833277188423
48423,Smith County,TX,63,92.47140145218259,236.33836692044477
48439,Tarrant County,TX,517,664.680021118168,2417.1053041432515
48453,Travis County,TX,554,624.5863143437088,2100.6354091701455
48491,Williamson County,TX,81,136.23140196271538,308.1226139191888
49011,Davis County,UT,158,201.69680717226785,783.5700227880922
49035,Salt Lake County,UT,807,966.9256351444913,3721.486159457341
49043,Summit County,UT,265,321.83471116239855,822.5042345678064
49049,Utah County,UT,236,181.6822527681128,991.3769551049927
49051,Wasatch County,UT,80,74.88883217157706,262.99652570817364
50001,Addison County,VT,47,32.3306634073461,143.2401773932622
50003,Bennington County,VT,27,27.594468129359687,79.58424404170687
50007,Chittenden County,VT,308,267.5807562020219,1223.9391260381271
50027,Windsor County,VT,24,35.38169061664826,70.47297346460958
51013,Arlington County,VA,237,247.2494821991443,965.9609640248511
51041,Chesterfield County,VA,128,99.52457799866251,535.2203513584959
51059,Fairfax County,VA,532,393.95385314614583,2214.8747005502055
51087,Henrico County,VA,267,165.87761655825318,1315.1014362757471
51095,James City County,VA,119,145.0391028346923,409.8672915969792
51107,Loudoun County,VA,209,145.08663356062547,824.1372106593554
51153,Prince William County,VA,236,206.90912251899508,1085.4353697156869
51510,Alexandria City,VA,126,63.22087284497588,519.107920462689
51760,Richmond City,VA,110,114.04227683981617,523.2528434129337
51810,Virginia Beach City,VA,200,157.55883212484557,992.8527627735457
53005,Benton County,WA,179,146.62539677408063,727.858543782384
53011,Clark County,WA,161,143.28355021904775,570.324106244109
53021,Franklin County,WA,75,67.84458903800501,322.20630480743944
53025,Grant County,WA,90,113.3880132480904,324.15196110575135
53029,Island County,WA,143,129.0412556640277,537.9694887907925
53031,Jefferson County,WA,27,33.6432907511127,88.00064776523514
53033,King County,WA,3460,3710.168654970302,10031.651750092762
53035,Kitsap County,WA,118,94.49603006426105,407.08031632702097
53053,Pierce County,WA,644,672.5176362450113,2209.0657768276155
53057,Skagit County,WA,165,189.4034748687381,547.6096176858339
53061,Snohomish County,WA,1596,1884.9146902259984,4675.561281458816
53063,Spokane County,WA,209,221.45251622719775,735.70960800115
53067,Thurston County,WA,74,82.6042005214513,266.35499727185606
53073,Whatcom County,WA,222,286.95362449865706,756.5615506414695
53077,Yakima County,WA,377,355.1664076922391,2096.8036817410684
54061,Monongalia County,WV,60,102.50400377659341,221.91249585142853
55025,Dane County,WI,289,387.2291163165431,1013.8430092784873
55039,Fond du Lac County,WI,44,51.650957903759654,134.89580484952083
55059,Kenosha County,WI,112,108.64654042096532,471.2240394194281
55079,Milwaukee County,WI,1323,1708.6509385826462,5579.5558670123955
55089,Ozaukee County,WI,66,78.59847844353781,230.1923009870233
55131,Washington County,WI,59,97.61865436028967,228.67688720478657
55133,Waukesha County,WI,166,178.58087855648188,640.5047905640504
56013,Fremont County,WY,38,37.56081559152341,111.91961673969776
56021,Laramie County,WY,48,38.26149468634152,151.10751180537898
1001,Autauga County,AL,,,61.90742479078145
1003,Baldwin County,AL,,,178.08868374410125
1007,Bibb County,AL,,,42.8072258454632
1009,Blount County,AL,,,48.56214670199233
1015,Calhoun County,AL,,,213.8960475379865
1017,Chambers County,AL,,,424.75320713220896
1021,Chilton County,AL,,,89.94644058816723
1025,Clarke County,AL,,,52.426804075879794
1027,Clay County,AL,,,41.016965892297165
1029,Cleburne County,AL,,,46.320488909425464
1031,Coffee County,AL,,,53.42897214000539
1033,Colbert County,AL,,,44.78372493510583
1037,Coosa County,AL,,,40.99129211823981
1043,Cullman County,AL,,,94.91322898644763
1047,Dallas County,AL,,,35.32293333864333
1049,DeKalb County,AL,,,72.89788001366212
1055,Etowah County,AL,,,200.55722075760997
1059,Franklin County,AL,,,32.42297467437092
1063,Greene County,AL,,,52.97967087634922
1065,Hale County,AL,,,36.75044471135245
1069,Houston County,AL,,,119.09706091816403
1071,Jackson County,AL,,,72.1047359207637
1077,Lauderdale County,AL,,,78.5122413213447
1079,Lawrence County,AL,,,43.274539576559874
1083,Limestone County,AL,,,128.47164428228405
1085,Lowndes County,AL,,,40.63128610738929
1091,Marengo County,AL,,,63.969012754411395
1093,Marion County,AL,,,79.21700606895602
1095,Marshall County,AL,,,204.1295339117949
1097,Mobile County,AL,,,1026.9695731166835
1103,Morgan County,AL,,,120.8458905128955
1107,Pickens County,AL,,,63.44433339442806
1109,Pike County,AL,,,65.36374852069508
1111,Randolph County,AL,,,64.21587398958161
1113,Russell County,AL,,,67.85781614323912
1115,St. Clair County,AL,,,122.31353404694327
1119,Sumter County,AL,,,67.94335373273056
1121,Talladega County,AL,,,110.76055906964876
1123,Tallapoosa County,AL,,,135.76733488914238
1127,Walker County,AL,,,253.57717441952263
1129,Washington County,AL,,,33.67128694698317
1131,Wilcox County,AL,,,58.61485959385375
2110,City and Borough of Juneau,AK,,,51.84882531908924
2122,Kenai Peninsula Borough,AK,,,43.23040190335231
4001,Apache County,AZ,,,121.66663835427441
4003,Cochise County,AZ,,,58.5300741692228
4015,Mohave County,AZ,,,114.81782441328085
4025,Yavapai County,AZ,,,222.33140656716296
4027,Yuma County,AZ,,,57.48041339869085
5007,Benton County,AR,,,177.38325407768528
5025,Cleveland County,AR,,,28.563829802846374
5031,Craighead County,AR,,,101.05309178007447
5035,Crittenden County,AR,,,259.8418305497789
5059,Hot Spring County,AR,,,35.12139531936401
5071,Johnson County,AR,,,52.77702926866997
5079,Lincoln County,AR,,,43.92842595077475
5085,Lonoke County,AR,,,110.13238611730029
5091,Miller County,AR,,,87.1047270274187
5115,Pope County,AR,,,94.69365741553528
5123,St. Francis County,AR,,,150.66975230581414
5125,Saline County,AR,,,146.30824113121975
5131,Sebastian County,AR,,,52.91986542612349
5139,Union County,AR,,,54.02648303303465
5143,Washington County,AR,,,122.43530702637347
5145,White County,AR,,,111.66866918269226
6007,Butte County,CA,,,70.76423586071517
6017,El Dorado County,CA,,,101.21272693840066
6023,Humboldt County,CA,,,186.41245640780878
6027,Inyo County,CA,,,44.44655911700284
6039,Madera County,CA,,,136.83515224682046
6047,Merced County,CA,,,182.19126875771386
6051,Mono County,CA,,,60.938127722437365
6055,Napa County,CA,,,95.7972606003111
6057,Nevada County,CA,,,128.36056245556733
6089,Shasta County,CA,,,97.72591193189396
6101,Sutter County,CA,,,96.98190744612276
6115,Yuba County,CA,,,74.48647716124627
8009,Baca County,CO,,,38.321445259781854
8014,Broomfield County and City,CO,,,213.8605791918077
8015,Chaffee County,CO,,,67.88627181617152
8019,Clear Creek County,CO,,,26.36032451048159
8039,Elbert County,CO,,,38.65295816834879
8067,La Plata County,CO,,,115.5160447940811
8075,Logan County,CO,,,53.375021231575666
8077,Mesa County,CO,,,98.635061942865
8083,Montezuma County,CO,,,47.65868718872723
8085,Montrose County,CO,,,115.77802595505067
8087,Morgan County,CO,,,94.95503759791487
8101,Pueblo County,CO,,,171.2231068099596
8107,Routt County,CO,,,103.17648127889368
8113,San Miguel County,CO,,,41.029015579539916
8119,Teller County,CO,,,44.21855339753914
9011,New London County,CT,,,339.01259172554444
9015,Windham County,CT,,,193.10797441886808
12003,Baker County,FL,,,69.29893809679251
12005,Bay County,FL,,,127.63022008235376
12007,Bradford County,FL,,,66.6854600227726
12015,Charlotte County,FL,,,305.19712522267014
12023,Columbia County,FL,,,83.96613538116158
12027,DeSoto County,FL,,,68.5327849871414
12035,Flagler County,FL,,,148.48171871986895
12051,Hendry County,FL,,,47.44705067090665
12053,Hernando County,FL,,,237.84040029354975
12055,Highlands County,FL,,,168.7550491533751
12079,Madison County,FL,,,61.15774519717492
12083,Marion County,FL,,,351.82424904201275
12085,Martin County,FL,,,390.34092030571117
12087,Monroe County,FL,,,174.27633997369836
12089,Nassau County,FL,,,123.82521735448638
12107,Putnam County,FL,,,96.12773705671148
12111,St. Lucie County,FL,,,551.0921359016261
12113,Santa Rosa County,FL,,,274.9238933440746
12121,Suwannee County,FL,,,151.5576568320876
13005,Bacon County,GA,,,50.36592469593237
13007,Baker County,GA,,,48.68043428489522
13009,Baldwin County,GA,,,153.78203227628998
13013,Barrow County,GA,,,189.4922268569958
13021,Bibb County,GA,,,200.60112863835786
13029,Bryan County,GA,,,122.5063816708214
13031,Bulloch County,GA,,,57.769432499931725
13033,Burke County,GA,,,64.94210144226103
13035,Butts County,GA,,,103.16836245258425
13037,Calhoun County,GA,,,128.35341651775659
13039,Camden County,GA,,,94.93566446974584
13047,Catoosa County,GA,,,47.367475826165744
13061,Clay County,GA,,,56.20340174864657
13069,Coffee County,GA,,,201.10450191307882
13071,Colquitt County,GA,,,306.94189315635083
13073,Columbia County,GA,,,181.37594596026742
13081,Crisp County,GA,,,208.49718571527737
13085,Dawson County,GA,,,85.9690138764955
13087,Decatur County,GA,,,91.66466906870797
13091,Dodge County,GA,,,41.63149484422384
13093,Dooly County,GA,,,133.95766387505049
13099,Early County,GA,,,341.3697707751419
13103,Effingham County,GA,,,108.57299511692402
13111,Fannin County,GA,,,42.3032758600656
13127,Glynn County,GA,,,128.95056140563182
13133,Greene County,GA,,,100.77095855201246
13137,Habersham County,GA,,,55.68373303260637
13143,Haralson County,GA,,,93.68296655609431
13145,Harris County,GA,,,60.81785728295195
13153,Houston County,GA,,,338.8120242475923
13155,Irwin County,GA,,,41.163299629410524
13157,Jackson County,GA,,,122.29211343386534
13165,Jenkins County,GA,,,36.02687466225826
13169,Jones County,GA,,,38.92876436887455
13171,Lamar County,GA,,,89.64045589289205
13175,Laurens County,GA,,,93.74493505048267
13179,Liberty County,GA,,,76.34953840495211
13187,Lumpkin County,GA,,,41.73250645248199
13189,McDuffie County,GA,,,91.83597549720511
13193,Macon County,GA,,,51.089658837674264
13195,Madison County,GA,,,54.07951363196516
13199,Meriwether County,GA,,,88.8139259913639
13201,Miller County,GA,,,47.307163942145664
13205,Mitchell County,GA,,,430.5055030890677
13207,Monroe County,GA,,,64.79840582571354
13211,Morgan County,GA,,,54.444316285298015
13213,Murray County,GA,,,60.43375754431249
13215,Muscogee County,GA,,,261.2156108426276
13217,Newton County,GA,,,295.9842116916942
13219,Oconee County,GA,,,138.34958887341853
13223,Paulding County,GA,,,275.1514093434228
13225,Peach County,GA,,,114.3277827892797
13227,Pickens County,GA,,,50.17081647265912
13229,Pierce County,GA,,,132.8084793000211
13231,Pike County,GA,,,58.4334068899511
13235,Pulaski County,GA,,,40.65188864881771
13243,Randolph County,GA,,,356.11941117853024
13249,Schley County,GA,,,50.00538398368012
13253,Seminole County,GA,,,54.43863724909226
13255,Spalding County,GA,,,265.68415305839557
13257,Stephens County,GA,,,77.64369871989214
13261,Sumter County,GA,,,679.1063348329604
13263,Talbot County,GA,,,41.12080823777003
13273,Terrell County,GA,,,325.5962282996395
13275,Thomas County,GA,,,194.18154163559612
13277,Tift County,GA,,,206.78195758581168
13279,Toombs County,GA,,,46.94129002428283
13285,Troup County,GA,,,207.58272365245833
13287,Turner County,GA,,,85.1856218046219
13293,Upson County,GA,,,154.0922043985267
13297,Walton County,GA,,,133.29129757999846
13299,Ware County,GA,,,163.63527594452358
13303,Washington County,GA,,,61.96742198776658
13311,White County,GA,,,58.4741490107547
13313,Whitfield County,GA,,,114.24206550862515
13321,Worth County,GA,,,231.0654585792601
15001,Hawaii County,HI,,,84.70080561439931
15007,Kauai County,HI,,,61.32399969642995
16019,Bonneville County,ID,,,35.93377366519869
16027,Canyon County,ID,,,520.6808660807653
16039,Elmore County,ID,,,78.7913302508598
16045,Gem County,ID,,,34.047721730055414
16053,Jerome County,ID,,,87.1356313059077
16055,Kootenai County,ID,,,168.639839781368
16063,Lincoln County,ID,,,50.38153742013536
16069,Nez Perce County,ID,,,61.20090329436251
16083,Twin Falls County,ID,,,201.51787102236554
17001,Adams County,IL,,,51.2891099720202
17019,Champaign County,IL,,,221.56828941946196
17021,Christian County,IL,,,84.56691445062353
17027,Clinton County,IL,,,48.668206805155904
17037,DeKalb County,IL,,,115.97362897528069
17041,Douglas County,IL,,,43.458641199480226
17063,Grundy County,IL,,,57.68225384703997
17073,Henry County,IL,,,58.55470883870467
17075,Iroquois County,IL,,,32.1579467560809
17077,Jackson County,IL,,,107.64383923494643
17091,Kankakee County,IL,,,497.19389062744364
17093,Kendall County,IL,,,239.85011716371986
17099,LaSalle County,IL,,,67.92253691374395
17105,Livingston County,IL,,,44.32124970669324
17115,Macon County,IL,,,81.99095587837252
17117,Macoupin County,IL,,,40.19800943466755
17119,Madison County,IL,,,261.81372164568756
17133,Monroe County,IL,,,56.64383038583655
17137,Morgan County,IL,,,41.609073452256986
17141,Ogle County,IL,,,57.92159350557658
17143,Peoria County,IL,,,76.95878207268062
17157,Randolph County,IL,,,126.4643261109907
17161,Rock Island County,IL,,,228.42483383829168
17167,Sangamon County,IL,,,132.03827064978591
17179,Tazewell County,IL,,,91.8365343194646
17195,Whiteside County,IL,,,98.5548189947571
17199,Williamson County,IL,,,60.1824244424749
17201,Winnebago County,IL,,,257.375917372284
17203,Woodford County,IL,,,39.27458497070117
18005,Bartholomew County,IN,,,213.13670803614718
18011,Boone County,IN,,,271.3724385636313
18013,Brown County,IN,,,36.240110066611024
18017,Cass County,IN,,,76.37081770038286
18019,Clark County,IN,,,330.9770785758903
18021,Clay County,IN,,,45.598791422871415
18025,Crawford County,IN,,,41.02003934408644
18029,Dearborn County,IN,,,165.52133772635176
18031,Decatur County,IN,,,307.77259391595004
18035,Delaware County,IN,,,169.96680732600183
18037,Dubois County,IN,,,30.915471230234004
18039,Elkhart County,IN,,,210.33551839558618
18041,Fayette County,IN,,,83.54652790183508
18043,Floyd County,IN,,,294.1074383604208
18053,Grant County,IN,,,108.014593470368
18055,Greene County,IN,,,50.8543888690981
18059,Hancock County,IN,,,375.26365913830784
18061,Harrison County,IN,,,170.0103266297794
18065,Henry County,IN,,,91.05203462051391
18067,Howard County,IN,,,162.71048393429797
18071,Jackson County,IN,,,156.7586239058728
18073,Jasper County,IN,,,57.24550492229039
18079,Jennings County,IN,,,143.62950818838218
18083,Knox County,IN,,,44.93284467503021
18085,Kosciusko County,IN,,,65.79042603179988
18091,LaPorte County,IN,,,119.15870281472738
18093,Lawrence County,IN,,,179.78106894002627
18095,Madison County,IN,,,600.218193337364
18099,Marshall County,IN,,,54.7724147073085
18103,Miami County,IN,,,51.84873465211908
18105,Monroe County,IN,,,186.23392903674096
18107,Montgomery County,IN,,,65.86789940869893
18109,Morgan County,IN,,,314.98959824784595
18113,Noble County,IN,,,55.39296343298617
18117,Orange County,IN,,,59.82550462989721
18119,Owen County,IN,,,58.696506911500684
18127,Porter County,IN,,,365.20903329618886
18133,Putnam County,IN,,,116.31948388927016
18135,Randolph County,IN,,,34.752004796160186
18137,Ripley County,IN,,,271.91278997088375
18139,Rush County,IN,,,57.50462675202983
18143,Scott County,IN,,,46.223984715882125
18145,Shelby County,IN,,,178.9796783862625
18151,Steuben County,IN,,,45.15198796470229
18155,Switzerland County,IN,,,48.68500022185951
18157,Tippecanoe County,IN,,,141.76832113768697
18159,Tipton County,IN,,,35.64807304604029
18163,Vanderburgh County,IN,,,180.00575201807243
18167,Vigo County,IN,,,145.7821629047928
18173,Warrick County,IN,,,112.54999391039122
18175,Washington County,IN,,,73.0068650145447
18177,Wayne County,IN,,,76.50609342196609
18183,Whitley County,IN,,,42.597160055288214
19005,Allamakee County,IA,,,52.23883260725815
19011,Benton County,IA,,,40.44322750970104
19013,Black Hawk County,IA,,,87.91500646988652
19031,Cedar County,IA,,,46.0345570911839
19033,Cerro Gordo County,IA,,,44.56697570212675
19045,Clinton County,IA,,,72.74032202578374
19061,Dubuque County,IA,,,111.29497200977355
19085,Harrison County,IA,,,34.44542509615651
19087,Henry County,IA,,,56.98186769975227
19099,Jasper County,IA,,,33.86460665551699
19113,Linn County,IA,,,724.8864147668758
19115,Louisa County,IA,,,86.40686503880617
19127,Marshall County,IA,,,67.93402402332612
19139,Muscatine County,IA,,,188.4252193293521
19155,Pottawattamie County,IA,,,37.80387252118948
19163,Scott County,IA,,,266.4740549062195
19167,Sioux County,IA,,,35.28809938346001
19171,Tama County,IA,,,141.36512455088504
19181,Warren County,IA,,,52.995508158832806
19183,Washington County,IA,,,185.09825453995066
19193,Woodbury County,IA,,,41.75363179848379
20015,Butler County,KS,,,38.495423292631266
20031,Coffey County,KS,,,107.41368480220893
20045,Douglas County,KS,,,142.28823272999742
20055,Finney County,KS,,,52.54273338999242
20059,Franklin County,KS,,,42.297091098296306
20099,Labette County,KS,,,38.930689889513296
20111,Lyon County,KS,,,88.49880048446019
20113,McPherson County,KS,,,42.2420340236415
20125,Montgomery County,KS,,,42.16787757382051
20155,Reno County,KS,,,39.751049386660696
20161,Riley County,KS,,,88.00762557112292
20169,Saline County,KS,,,45.1197581929119
20173,Sedgwick County,KS,,,611.4936893606399
20177,Shawnee County,KS,,,185.28287330078348
21015,Boone County,KY,,,161.4099542402737
21019,Boyd County,KY,,,64.61061464123028
21029,Bullitt County,KY,,,67.01294139083583
21037,Campbell County,KY,,,172.979456333259
21047,Christian County,KY,,,219.80566808776345
21049,Clark County,KY,,,67.43128420326973
21101,Henderson County,KY,,,110.3673838589012
21107,Hopkins County,KY,,,122.28648195504576
21113,Jessamine County,KY,,,59.03045424568877
21145,McCracken County,KY,,,68.79774246799977
21151,Madison County,KY,,,58.769421332044175
21177,Muhlenberg County,KY,,,64.56954441873074
21199,Pulaski County,KY,,,53.84453607815133
21209,Scott County,KY,,,63.60542172295318
21213,Simpson County,KY,,,66.09960432523147
21239,Woodford County,KY,,,47.61683864965095
22001,Acadia Parish,LA,,,378.69869038865653
22003,Allen Parish,LA,,,237.70389680231904
22007,Assumption Parish,LA,,,340.7865835332153
22009,Avoyelles Parish,LA,,,183.30231954115305
22011,Beauregard Parish,LA,,,91.94325840353211
22013,Bienville Parish,LA,,,71.7231966796722
22019,Calcasieu Parish,LA,,,829.3625040635899
22021,Caldwell Parish,LA,,,63.77716621614637
22025,Catahoula Parish,LA,,,56.31978618163105
22027,Claiborne Parish,LA,,,114.91788243025016
22029,Concordia Parish,LA,,,55.625076177480224
22031,De Soto Parish,LA,,,341.792540288846
22037,East Feliciana Parish,LA,,,169.40995733102972
22039,Evangeline Parish,LA,,,96.20281118396866
22041,Franklin Parish,LA,,,127.2610876526689
22043,Grant Parish,LA,,,47.24509339219357
22045,Iberia Parish,LA,,,421.000423411779
22053,Jefferson Davis Parish,LA,,,112.82577573986272
22061,Lincoln Parish,LA,,,98.30056194198592
22063,Livingston Parish,LA,,,407.45158600101706
22067,Morehouse Parish,LA,,,93.47708326230432
22069,Natchitoches Parish,LA,,,102.11888962045691
22077,Pointe Coupee Parish,LA,,,115.63994078431286
22083,Richland Parish,LA,,,60.87999828960809
22085,Sabine Parish,LA,,,37.947930630837256
22091,St. Helena Parish,LA,,,52.22607006778599
22097,St. Landry Parish,LA,,,273.9261626035718
22099,St. Martin Parish,LA,,,458.02330606980854
22101,St. Mary Parish,LA,,,347.51767074508547
22105,Tangipahoa Parish,LA,,,1094.7038202816375
22111,Union Parish,LA,,,128.96171810990944
22113,Vermilion Parish,LA,,,86.73149079317668
22115,Vernon Parish,LA,,,51.253844595510465
22117,Washington Parish,LA,,,414.9045422267736
22119,Webster Parish,LA,,,201.9063153075146
22121,West Baton Rouge Parish,LA,,,226.99777111418783
22125,West Feliciana Parish,LA,,,141.01994443129541
23001,Androscoggin County,ME,,,104.62151815665362
23011,Kennebec County,ME,,,100.88858717783509
23013,Knox County,ME,,,44.625672746804845
23015,Lincoln County,ME,,,38.892890427641966
23017,Oxford County,ME,,,39.13691794582232
23019,Penobscot County,ME,,,106.71433941396663
23023,Sagadahoc County,ME,,,55.084148953734726
24001,Allegany County,MD,,,58.722804386025885
24009,Calvert County,MD,,,182.2096301977678
24011,Caroline County,MD,,,66.69911491004716
24013,Carroll County,MD,,,749.0972946778276
24015,Cecil County,MD,,,198.15522123129128
24017,Charles County,MD,,,589.0295933594975
24021,Frederick County,MD,,,569.901564751523
24025,Harford County,MD,,,230.34689582424016
24029,Kent County,MD,,,49.60660026727976
24035,Queen Anne's County,MD,,,77.71003060971356
24037,St. Mary's County,MD,,,204.18586132486675
24041,Talbot County,MD,,,47.2886602881456
24043,Washington County,MD,,,221.18401568379636
24045,Wicomico County,MD,,,109.70627694770793
24047,Worcester County,MD,,,62.53347558367851
25007,Dukes County,MA,,,46.468842996797335
25011,Franklin County,MA,,,416.22265767122303
25019,Nantucket County,MA,,,53.977299571603226
26005,Allegan County,MI,,,93.17340989172692
26015,Barry County,MI,,,41.52990850042284
26017,Bay County,MI,,,128.10428418889174
26023,Branch County,MI,,,89.73191038336574
26025,Calhoun County,MI,,,179.24668165711032
26027,Cass County,MI,,,50.01729548876586
26029,Charlevoix County,MI,,,37.91039510920206
26031,Cheboygan County,MI,,,45.80294995779595
26037,Clinton County,MI,,,254.35563918350343
26041,Delta County,MI,,,31.95523664118209
26045,Eaton County,MI,,,221.06766301235527
26047,Emmet County,MI,,,68.37761039441203
26055,Grand Traverse County,MI,,,67.14733191069504
26059,Hillsdale County,MI,,,191.7449663977993
26067,Ionia County,MI,,,52.80439709235917
26073,Isabella County,MI,,,112.60639414791187
26075,Jackson County,MI,,,493.759503572415
26077,Kalamazoo County,MI,,,218.61145492300628
26079,Kalkaska County,MI,,,36.37658093081012
26087,Lapeer County,MI,,,240.0791238055353
26091,Lenawee County,MI,,,123.68746904814019
26101,Manistee County,MI,,,45.79670252814931
26103,Marquette County,MI,,,75.34984051429709
26107,Mecosta County,MI,,,45.16796432600235
26111,Midland County,MI,,,86.20632035396551
26117,Montcalm County,MI,,,75.70018890211348
26121,Muskegon County,MI,,,188.703708163437
26137,Otsego County,MI,,,92.26573318573755
26149,St. Joseph County,MI,,,80.08552827249662
26151,Sanilac County,MI,,,68.18939897867502
26155,Shiawassee County,MI,,,94.7153170772566
26157,Tuscola County,MI,,,108.46866781949367
26159,Van Buren County,MI,,,90.18299263227378
26165,Wexford County,MI,,,32.75963038994673
27013,Blue Earth County,MN,,,86.7096698100284
27015,Brown County,MN,,,36.78438864248918
27017,Carlton County,MN,,,58.842105336277285
27027,Clay County,MN,,,72.70877447609486
27035,Crow Wing County,MN,,,47.79980761771351
27039,Dodge County,MN,,,39.7089618083556
27045,Fillmore County,MN,,,34.206910708599494
27047,Freeborn County,MN,,,63.32193575966607
27049,Goodhue County,MN,,,50.98542478842647
27079,Le Sueur County,MN,,,63.706022714668
27099,Mower County,MN,,,64.78964934914353
27137,St. Louis County,MN,,,65.20458613840609
27139,Scott County,MN,,,73.17854819575004
27141,Sherburne County,MN,,,55.90379040210437
27147,Steele County,MN,,,35.42613441313268
27169,Winona County,MN,,,61.36067174755233
27171,Wright County,MN,,,61.35280399766583
28001,Adams County,MS,,,107.75677036070267
28005,Amite County,MS,,,31.69950479109705
28007,Attala County,MS,,,56.616946288570524
28011,Bolivar County,MS,,,219.4270417344673
28013,Calhoun County,MS,,,47.230019233181835
28015,Carroll County,MS,,,33.78150437024639
28017,Chickasaw County,MS,,,55.64159664100898
28019,Choctaw County,MS,,,35.91956817592586
28023,Clarke County,MS,,,50.0433160005998
28025,Clay County,MS,,,51.18802875072841
28029,Copiah County,MS,,,67.64380586506678
28031,Covington County,MS,,,36.607559919247024
28043,Grenada County,MS,,,39.430203528483545
28045,Hancock County,MS,,,125.06993860260033
28051,Holmes County,MS,,,93.00801186972836
28067,Jones County,MS,,,78.30137121590077
28069,Kemper County,MS,,,49.8784626671373
28073,Lamar County,MS,,,89.49968719434966
28075,Lauderdale County,MS,,,325.0495964702812
28079,Leake County,MS,,,73.09467353814968
28085,Lincoln County,MS,,,83.39011405652496
28087,Lowndes County,MS,,,76.5964747864108
28091,Marion County,MS,,,65.26097148577887
28093,Marshall County,MS,,,102.02132582269488
28095,Monroe County,MS,,,76.98214545708792
28097,Montgomery County,MS,,,45.93422160597801
28099,Neshoba County,MS,,,64.22675942721008
28101,Newton County,MS,,,36.51683925020376
28105,Oktibbeha County,MS,,,116.260699172756
28107,Panola County,MS,,,80.58100389449095
28111,Perry County,MS,,,62.57005510214309
28115,Pontotoc County,MS,,,53.59189488219698
28117,Prentiss County,MS,,,50.29350469187122
28119,Quitman County,MS,,,41.25050943452959
28123,Scott County,MS,,,133.99877798830656
28127,Simpson County,MS,,,36.22199742547675
28129,Smith County,MS,,,49.777061077079445
28133,Sunflower County,MS,,,107.89412053024256
28137,Tate County,MS,,,84.97654535970516
28143,Tunica County,MS,,,59.04532302746666
28147,Walthall County,MS,,,54.097538611539974
28149,Warren County,MS,,,42.783433279196075
28151,Washington County,MS,,,169.28975499750752
28155,Webster County,MS,,,47.56341736948366
28157,Wilkinson County,MS,,,116.7158995180095
28159,Winston County,MS,,,64.37094817437247
28161,Yalobusha County,MS,,,46.04815265184405
28163,Yazoo County,MS,,,138.28641324699927
29001,Adair County,MO,,,48.675535315185904
29021,Buchanan County,MO,,,83.63532076105264
29027,Callaway County,MO,,,74.29448668895338
29029,Camden County,MO,,,94.23228292702852
29031,Cape Girardeau County,MO,,,83.78317170105474
29037,Cass County,MO,,,112.12786144457598
29039,Cedar County,MO,,,31.329944460594028
29043,Christian County,MO,,,63.852321978942314
29047,Clay County,MO,,,146.48711727860737
29049,Clinton County,MO,,,38.79570507548493
29051,Cole County,MO,,,124.31530880020158
29069,Dunklin County,MO,,,40.1246076898398
29071,Franklin County,MO,,,130.7318348241407
29097,Jasper County,MO,,,62.80924915190417
29099,Jefferson County,MO,,,378.0776447033512
29101,Johnson County,MO,,,133.63397050921571
29107,Lafayette County,MO,,,113.51369849001239
29113,Lincoln County,MO,,,95.04673119104396
29157,Perry County,MO,,,95.93309220430032
29165,Platte County,MO,,,69.7713336742096
29169,Pulaski County,MO,,,65.12516804208315
29175,Randolph County,MO,,,35.14150016767782
29177,Ray County,MO,,,37.53142278716604
29187,St. Francois County,MO,,,95.65879202548832
29201,Scott County,MO,,,51.57411741883123
29207,Stoddard County,MO,,,35.67429276586198
29213,Taney County,MO,,,36.87888504092424
29219,Warren County,MO,,,54.331059618969
29229,Wright County,MO,,,30.04664092220522
30013,Cascade County,MT,,,36.86547558158352
30029,Flathead County,MT,,,91.47739550778324
30049,Lewis and Clark County,MT,,,45.89615406974109
30053,Lincoln County,MT,,,25.220951675451175
30057,Madison County,MT,,,28.961522124651758
30063,Missoula County,MT,,,78.53543752140722
30093,Silver Bow County,MT,,,36.081185561287626
30101,Toole County,MT,,,43.23754896190245
31001,Adams County,NE,,,65.7378878994133
31019,Buffalo County,NE,,,76.00449478038539
31053,Dodge County,NE,,,28.19448487751117
31067,Gage County,NE,,,89.91841979074124
31079,Hall County,NE,,,248.59452008608687
31081,Hamilton County,NE,,,29.594029188638064
31105,Kimball County,NE,,,37.464280778857415
31109,Lancaster County,NE,,,149.56571787801653
31111,Lincoln County,NE,,,67.26039438358846
31153,Sarpy County,NE,,,142.29563368719914
31177,Washington County,NE,,,60.543543910747786
32005,Douglas County,NV,,,32.95039031803818
32007,Elko County,NV,,,38.65074968225304
32013,Humboldt County,NV,,,58.83661597193054
32023,Nye County,NV,,,45.04992950330057
32510,Carson City,NV,,,58.06416897457786
33005,Cheshire County,NH,,,52.04413692836416
33013,Merrimack County,NH,,,211.73187801620014
33017,Strafford County,NH,,,180.38639646329824
34001,Atlantic County,NJ,,,628.686867768291
34009,Cape May County,NJ,,,440.0173353732697
34011,Cumberland County,NJ,,,369.3343997247102
34033,Salem County,NJ,,,156.05516879651432
35005,Chaves County,NM,,,52.87286381846848
35006,Cibola County,NM,,,79.00333273077212
35009,Curry County,NM,,,38.46808997541869
35031,McKinley County,NM,,,258.5105952079354
35045,San Juan County,NM,,,417.922257640173
35055,Taos County,NM,,,51.21619474669838
35057,Torrance County,NM,,,36.32707303925249
35061,Valencia County,NM,,,41.283802665910784
36003,Allegany County,NY,,,62.81466422220048
36009,Cattaraugus County,NY,,,55.204967708356065
36011,Cayuga County,NY,,,77.48479356322532
36013,Chautauqua County,NY,,,105.03991378315983
36015,Chemung County,NY,,,201.23998481493456
36017,Chenango County,NY,,,181.93781216924492
36023,Cortland County,NY,,,78.14446538039542
36025,Delaware County,NY,,,119.94514213513541
36031,Essex County,NY,,,27.86198636255306
36033,Franklin County,NY,,,44.29312641453193
36035,Fulton County,NY,,,76.2520969397722
36037,Genesee County,NY,,,136.90797881938886
36039,Greene County,NY,,,100.79687510160225
36043,Herkimer County,NY,,,92.57433327424899
36045,Jefferson County,NY,,,169.06445654739002
36051,Livingston County,NY,,,95.49789254905862
36053,Madison County,NY,,,315.89765053874515
36057,Montgomery County,NY,,,89.09740982131777
36073,Orleans County,NY,,,88.80873672530046
36075,Oswego County,NY,,,119.12791877725276
36077,Otsego County,NY,,,127.44374909285442
36089,St. Lawrence County,NY,,,217.45501964358365
36095,Schoharie County,NY,,,47.29258171730045
36099,Seneca County,NY,,,55.56905310101448
36101,Steuben County,NY,,,277.5537860584219
36107,Tioga County,NY,,,43.80052195727023
36113,Warren County,NY,,,112.48583300542077
36115,Washington County,NY,,,75.87062762072271
36117,Wayne County,NY,,,141.14177844123623
36121,Wyoming County,NY,,,98.42014650996317
37001,Alamance County,NC,,,114.91470675567246
37013,Beaufort County,NC,,,43.63971971484875
37015,Bertie County,NC,,,39.98338211250797
37019,Brunswick County,NC,,,113.82973576874132
37021,Buncombe County,NC,,,130.5750744831625
37023,Burke County,NC,,,168.4158053932035
37027,Caldwell County,NC,,,55.57158817193783
37031,Carteret County,NC,,,76.84702866227303
37035,Catawba County,NC,,,114.35274225464478
37037,Chatham County,NC,,,87.88522694999722
37039,Cherokee County,NC,,,35.34236568407576
37045,Cleveland County,NC,,,125.7789994332831
37047,Columbus County,NC,,,69.59894870684887
37049,Craven County,NC,,,88.87395368562
37051,Cumberland County,NC,,,272.3176551599664
37057,Davidson County,NC,,,306.0818866759816
37059,Davie County,NC,,,97.74004038841579
37061,Duplin County,NC,,,40.96092264787382
37065,Edgecombe County,NC,,,68.73098444559558
37069,Franklin County,NC,,,77.6279016053264
37071,Gaston County,NC,,,242.65879633936117
37077,Granville County,NC,,,345.0241930627958
37079,Greene County,NC,,,55.16831681089617
37083,Halifax County,NC,,,70.19556006399799
37089,Henderson County,NC,,,218.97439627865737
37093,Hoke County,NC,,,74.70987764885125
37101,Johnston County,NC,,,216.25437417242492
37107,Lenoir County,NC,,,55.931883696731234
37109,Lincoln County,NC,,,65.91051808275664
37111,McDowell County,NC,,,56.92456974083178
37123,Montgomery County,NC,,,47.82555457963154
37125,Moore County,NC,,,50.07820166165176
37127,Nash County,NC,,,123.87964963271929
37129,New Hanover County,NC,,,225.98671304048125
37131,Northampton County,NC,,,230.93699880954046
37133,Onslow County,NC,,,135.5761146369213
37139,Pasquotank County,NC,,,61.41576582419887
37145,Person County,NC,,,47.91127658035539
37147,Pitt County,NC,,,156.27451216944658
37149,Polk County,NC,,,45.6247490337384
37151,Randolph County,NC,,,178.81722907982538
37157,Rockingham County,NC,,,54.866113146181355
37159,Rowan County,NC,,,262.6223961933615
37161,Rutherford County,NC,,,115.07459247355595
37167,Stanly County,NC,,,49.31140791452937
37169,Stokes County,NC,,,49.76711847363025
37171,Surry County,NC,,,64.42808709265623
37181,Vance County,NC,,,74.28868534671265
37187,Washington County,NC,,,35.63984375945459
37189,Watauga County,NC,,,40.76533453994976
37191,Wayne County,NC,,,187.0736977570738
37195,Wilson County,NC,,,181.200175318289
37197,Yadkin County,NC,,,51.909056639264826
38017,Cass County,ND,,,250.13701013605166
38035,Grand Forks County,ND,,,43.91558849774758
38061,Mountrail County,ND,,,63.48609312208751
38089,Stark County,ND,,,76.04726825549922
38101,Ward County,ND,,,52.75732467583215
39003,Allen County,OH,,,120.63397055590204
39007,Ashtabula County,OH,,,103.58465265684869
39011,Auglaize County,OH,,,44.90643667174926
39013,Belmont County,OH,,,119.05223926826443
39019,Carroll County,OH,,,46.32224626462515
39023,Clark County,OH,,,79.1008613569499
39025,Clermont County,OH,,,111.55445454622702
39027,Clinton County,OH,,,52.76296054577861
39029,Columbiana County,OH,,,255.70639875630633
39031,Coshocton County,OH,,,46.14287498847222
39033,Crawford County,OH,,,51.43772697873824
39037,Darke County,OH,,,133.12617880642043
39039,Defiance County,OH,,,45.25856392704105
39043,Erie County,OH,,,64.16815237821778
39045,Fairfield County,OH,,,257.6318331637662
39055,Geauga County,OH,,,167.76777463612652
39057,Greene County,OH,,,109.00775481768602
39063,Hancock County,OH,,,72.50617218356554
39077,Huron County,OH,,,55.857056247450316
39081,Jefferson County,OH,,,84.07709671182062
39083,Knox County,OH,,,41.06988755193898
39087,Lawrence County,OH,,,51.44848718392765
39089,Licking County,OH,,,277.2540684630675
39097,Madison County,OH,,,99.34403036095478
39101,Marion County,OH,,,146.9353490528124
39107,Mercer County,OH,,,40.9928461494046
39129,Pickaway County,OH,,,149.49609035213507
39133,Portage County,OH,,,463.416413942088
39135,Preble County,OH,,,45.338017543055074
39139,Richland County,OH,,,110.59535978286802
39141,Ross County,OH,,,57.264309861643525
39149,Shelby County,OH,,,98.19752685688003
39155,Trumbull County,OH,,,543.5890273238313
39157,Tuscarawas County,OH,,,99.43759437436698
39159,Union County,OH,,,50.343875115633175
39167,Washington County,OH,,,160.98016743461525
39169,Wayne County,OH,,,130.88618542141126
39173,Wood County,OH,,,152.41550725571008
40001,Adair County,OK,,,109.14008358934582
40017,Canadian County,OK,,,161.21946383338343
40021,Cherokee County,OK,,,85.12729527207324
40031,Comanche County,OK,,,186.03404693910014
40037,Creek County,OK,,,186.37181117685068
40041,Delaware County,OK,,,58.79956952471346
40049,Garvin County,OK,,,47.55166735236998
40051,Grady County,OK,,,44.61574845415986
40055,Greer County,OK,,,136.46219759541668
40071,Kay County,OK,,,121.88404181759017
40081,Lincoln County,OK,,,50.590891923270654
40087,McClain County,OK,,,63.472166333575956
40097,Mayes County,OK,,,63.93619197365828
40101,Muskogee County,OK,,,97.27781036548907
40105,Nowata County,OK,,,43.947732496716476
40111,Okmulgee County,OK,,,55.6456159724939
40113,Osage County,OK,,,138.14488358953147
40115,Ottawa County,OK,,,66.06349250757366
40117,Pawnee County,OK,,,74.67774979645955
40119,Payne County,OK,,,91.84347309554741
40121,Pittsburg County,OK,,,35.09122227882887
40123,Pontotoc County,OK,,,45.42910336592656
40125,Pottawatomie County,OK,,,91.23611649645521
40131,Rogers County,OK,,,100.48556032542433
40135,Sequoyah County,OK,,,48.66116545535931
40137,Stephens County,OK,,,49.887101632311214
40145,Wagoner County,OK,,,246.70492373476125
40147,Washington County,OK,,,176.1623687817487
41003,Benton County,OR,,,77.4860697387509
41009,Columbia County,OR,,,50.043782573605384
41019,Douglas County,OR,,,54.3034577345585
41029,Jackson County,OR,,,147.55304198529464
41033,Josephine County,OR,,,57.5004267845458
41035,Klamath County,OR,,,84.04136038252793
41039,Lane County,OR,,,134.93396501407142
41053,Polk County,OR,,,101.48745977134503
41059,Umatilla County,OR,,,38.63938756205939
41065,Wasco County,OR,,,29.96409029223595
41071,Yamhill County,OR,,,102.95540220216301
42001,Adams County,PA,,,115.06922446217153
42005,Armstrong County,PA,,,94.67558551590642
42007,Beaver County,PA,,,520.8472630854839
42015,Bradford County,PA,,,56.32440969472961
42019,Butler County,PA,,,445.8641515549137
42021,Cambria County,PA,,,61.37026291922303
42025,Carbon County,PA,,,289.22836787711975
42031,Clarion County,PA,,,55.1665832532926
42033,Clearfield County,PA,,,39.66787330131409
42037,Columbia County,PA,,,181.82491408857476
42039,Crawford County,PA,,,44.990497537650235
42043,Dauphin County,PA,,,638.2766540854311
42049,Erie County,PA,,,145.24760169127592
42051,Fayette County,PA,,,168.9045529316859
42055,Franklin County,PA,,,178.5636796024865
42059,Greene County,PA,,,62.92166673693505
42063,Indiana County,PA,,,121.99035036113497
42067,Juniata County,PA,,,68.58221724535113
42073,Lawrence County,PA,,,138.72901739720209
42075,Lebanon County,PA,,,628.7689353921974
42081,Lycoming County,PA,,,69.12170817118076
42085,Mercer County,PA,,,137.68966053193375
42093,Montour County,PA,,,109.66079313624137
42097,Northumberland County,PA,,,140.10979887076024
42099,Perry County,PA,,,53.13613382502418
42103,Pike County,PA,,,559.9169095313567
42107,Schuylkill County,PA,,,564.3553385254486
42109,Snyder County,PA,,,49.683246051791166
42111,Somerset County,PA,,,41.949940597253985
42115,Susquehanna County,PA,,,54.003443134469755
42117,Tioga County,PA,,,49.77240480894932
42119,Union County,PA,,,47.5715991850227
42127,Wayne County,PA,,,161.51311723018594
44001,Bristol County,RI,,,156.7390492809403
44003,Kent County,RI,,,533.3078829449086
44005,Newport County,RI,,,248.1190705817369
44007,Providence County,RI,,,4152.078012521996
44009,Washington County,RI,,,366.5021727980361
45003,Aiken County,SC,,,140.4517878703325
45015,Berkeley County,SC,,,234.77875443562607
45023,Chester County,SC,,,76.24943133606514
45025,Chesterfield County,SC,,,70.26230026168176
45027,Clarendon County,SC,,,272.8783717948363
45029,Colleton County,SC,,,51.751994573585506
45035,Dorchester County,SC,,,208.16135514318466
45039,Fairfield County,SC,,,81.57034769969029
45041,Florence County,SC,,,212.1563862242638
45043,Georgetown County,SC,,,96.36053284144263
45047,Greenwood County,SC,,,69.18709627714625
45053,Jasper County,SC,,,56.21787261904347
45057,Lancaster County,SC,,,189.76329969556238
45061,Lee County,SC,,,86.98497454439982
45069,Marlboro County,SC,,,45.13473810412471
45071,Newberry County,SC,,,36.794512415334516
45073,Oconee County,SC,,,50.44037460536372
45077,Pickens County,SC,,,90.88268799284039
45083,Spartanburg County,SC,,,510.8531737696847
45087,Union County,SC,,,75.01643076683952
45089,Williamsburg County,SC,,,58.49926134685602
46013,Brown County,SD,,,48.07209280770965
46029,Codington County,SD,,,40.92063242114412
46081,Lawrence County,SD,,,33.11396101735833
46083,Lincoln County,SD,,,100.4000789995169
46099,Minnehaha County,SD,,,670.8645354043839
46135,Yankton County,SD,,,45.06176389618165
47001,Anderson County,TN,,,59.84515843377324
47003,Bedford County,TN,,,58.507433472476905
47009,Blount County,TN,,,167.933795190207
47011,Bradley County,TN,,,114.9802351956994
47015,Cannon County,TN,,,31.21593037943473
47017,Carroll County,TN,,,36.493399666110555
47021,Cheatham County,TN,,,51.23265048254185
47031,Coffee County,TN,,,46.98106645522604
47035,Cumberland County,TN,,,124.11282780141137
47041,DeKalb County,TN,,,33.302866611103454
47043,Dickson County,TN,,,111.94841477176567
47045,Dyer County,TN,,,52.46201199213567
47047,Fayette County,TN,,,85.70438542774995
47051,Franklin County,TN,,,65.66889501454858
47053,Gibson County,TN,,,60.68732197720021
47059,Greene County,TN,,,77.98099429475138
47061,Grundy County,TN,,,60.42054101371161
47073,Hawkins County,TN,,,84.56443385530855
47089,Jefferson County,TN,,,52.422243954956244
47105,Loudon County,TN,,,71.22593508010068
47111,Macon County,TN,,,60.53487215446791
47113,Madison County,TN,,,220.80914949215804
47115,Marion County,TN,,,93.14231057680657
47117,Marshall County,TN,,,52.7625756666387
47119,Maury County,TN,,,106.6463110091132
47125,Montgomery County,TN,,,260.4036609044761
47155,Sevier County,TN,,,83.67942549874513
47163,Sullivan County,TN,,,118.5758721600252
47167,Tipton County,TN,,,166.51826661320356
47169,Trousdale County,TN,,,74.01432652199205
48003,Andrews County,TX,,,57.577334533527974
48005,Angelina County,TX,,,82.71695679739217
48021,Bastrop County,TX,,,76.56805793559776
48037,Bowie County,TX,,,91.39219240426
48057,Calhoun County,TX,,,52.90116811389783
48061,Cameron County,TX,,,529.7778118817278
48069,Castro County,TX,,,36.404864401804986
48071,Chambers County,TX,,,81.93796585173303
48091,Comal County,TX,,,111.49292529803581
48099,Coryell County,TX,,,67.50992724277955
48117,Deaf Smith County,TX,,,36.76919831668231
48123,DeWitt County,TX,,,31.42036944305285
48129,Donley County,TX,,,34.124372742097094
48135,Ector County,TX,,,169.77384560197936
48143,Erath County,TX,,,34.52140596703128
48149,Fayette County,TX,,,40.74077287692367
48179,Gray County,TX,,,52.28372100742384
48181,Grayson County,TX,,,68.72875889212045
48183,Gregg County,TX,,,119.22696810665477
48187,Guadalupe County,TX,,,178.15761236038134
48189,Hale County,TX,,,35.695561271046046
48199,Hardin County,TX,,,111.15360010582033
48203,Harrison County,TX,,,61.390829981904375
48215,Hidalgo County,TX,,,571.3021191052521
48219,Hockley County,TX,,,38.29791868729677
48221,Hood County,TX,,,53.86509424499694
48245,Jefferson County,TX,,,371.00702769693515
48251,Johnson County,TX,,,126.60380576079461
48257,Kaufman County,TX,,,86.28652907600642
48259,Kendall County,TX,,,37.579605546140144
48291,Liberty County,TX,,,71.45545398284375
48321,Matagorda County,TX,,,140.8166602363483
48329,Midland County,TX,,,114.8445987911488
48341,Moore County,TX,,,39.40415133341878
48347,Nacogdoches County,TX,,,104.1719949518931
48361,Orange County,TX,,,165.90062259325504
48373,Polk County,TX,,,42.46970019300711
48375,Potter County,TX,,,220.1181818545932
48381,Randall County,TX,,,149.05277785821238
48397,Rockwall County,TX,,,61.599429240200045
48401,Rusk County,TX,,,58.97891008205578
48419,Shelby County,TX,,,62.58251404694252
48427,Starr County,TX,,,34.60803536847571
48441,Taylor County,TX,,,145.83354243216195
48451,Tom Green County,TX,,,107.33021585090347
48469,Victoria County,TX,,,223.53889769389747
48471,Walker County,TX,,,55.21125329246946
48473,Waller County,TX,,,67.9118187495577
48477,Washington County,TX,,,93.96522911227024
48479,Webb County,TX,,,531.444055083679
48481,Wharton County,TX,,,71.34022352974766
48485,Wichita County,TX,,,194.06693677184472
48493,Wilson County,TX,,,35.68412280670175
49003,Box Elder County,UT,,,48.11725583530348
49005,Cache County,UT,,,107.1357064941805
49021,Iron County,UT,,,49.70686253486723
49045,Tooele County,UT,,,87.81871176873794
49053,Washington County,UT,,,93.19366569875321
49057,Weber County,UT,,,304.34428158459326
50005,Caledonia County,VT,,,37.03127887967509
50011,Franklin County,VT,,,113.43499125790616
50015,Lamoille County,VT,,,55.73695855167157
50019,Orleans County,VT,,,30.694962260978137
50021,Rutland County,VT,,,119.18172820652873
50023,Washington County,VT,,,77.20795528945277
50025,Windham County,VT,,,118.1153250408835
51001,Accomack County,VA,,,58.12200332908294
51003,Albemarle County,VA,,,139.78403432065562
51007,Amelia County,VA,,,34.2048465348295
51009,Amherst County,VA,,,44.51424504621645
51015,Augusta County,VA,,,55.44674719264197
51019,Bedford County,VA,,,50.764457111896085
51023,Botetourt County,VA,,,72.7539506984073
51047,Culpeper County,VA,,,52.388492788142216
51061,Fauquier County,VA,,,88.14856004095962
51065,Fluvanna County,VA,,,42.48149403340035
51067,Franklin County,VA,,,57.544377259176436
51069,Frederick County,VA,,,188.39302178943421
51073,Gloucester County,VA,,,80.06439719198185
51075,Goochland County,VA,,,104.54564110382778
51085,Hanover County,VA,,,99.22953366564616
51093,Isle of Wight County,VA,,,119.61317822901627
51099,King George County,VA,,,63.43945010950222
51109,Louisa County,VA,,,62.05094289924351
51117,Mecklenburg County,VA,,,57.605095826349675
51121,Montgomery County,VA,,,97.85900451301762
51127,New Kent County,VA,,,67.26111783380394
51137,Orange County,VA,,,47.18874198330901
51149,Prince George County,VA,,,118.22921336079678
51161,Roanoke County,VA,,,51.54110016589806
51165,Rockingham County,VA,,,67.18801440288047
51171,Shenandoah County,VA,,,58.778279073882075
51177,Spotsylvania County,VA,,,140.54678651030423
51179,Stafford County,VA,,,198.1080460851774
51191,Washington County,VA,,,59.645314941843885
51199,York County,VA,,,103.93631676602142
51540,Charlottesville City,VA,,,104.85544914481542
51550,Chesapeake City,VA,,,312.21228381999146
51590,Danville City,VA,,,133.9398945475739
51630,Fredericksburg City,VA,,,59.86389879645293
51650,Hampton city,VA,,,230.58257476917325
51660,Harrisonburg City,VA,,,159.62977490527769
51670,Hopewell city,VA,,,127.83121898997538
51680,Lynchburg city,VA,,,138.76285825929753
51683,Manassas City,VA,,,132.68412510155156
51700,Newport News City,VA,,,287.2509716002342
51710,Norfolk City,VA,,,362.7120254937239
51730,Petersburg city,VA,,,110.41994749363305
51740,Portsmouth City,VA,,,242.98265314425876
51770,Roanoke city,VA,,,89.11570054271998
51800,Suffolk City,VA,,,157.697301730866
51830,Williamsburg City,VA,,,79.80821381798819
51840,Winchester city,VA,,,96.98797854606288
53001,Adams County,WA,,,115.34403121093287
53007,Chelan County,WA,,,105.69251416016564
53009,Clallam County,WA,,,35.231781407526526
53015,Cowlitz County,WA,,,83.98393380408643
53017,Douglas County,WA,,,39.722705209150355
53037,Kittitas County,WA,,,46.6436747593918
53039,Klickitat County,WA,,,39.27032196923212
53041,Lewis County,WA,,,56.002140273834456
53045,Mason County,WA,,,87.23907701159455
53047,Okanogan County,WA,,,49.30377381089908
53055,San Juan County,WA,,,57.489768615583685
53071,Walla Walla County,WA,,,58.988536306777426
53075,Whitman County,WA,,,41.062517978061194
54003,Berkeley County,WV,,,241.89375735508497
54011,Cabell County,WV,,,64.20360678440869
54029,Hancock County,WV,,,41.88060589931608
54033,Harrison County,WV,,,101.95690660807506
54035,Jackson County,WV,,,66.65093471624596
54037,Jefferson County,WV,,,149.4718162430673
54039,Kanawha County,WV,,,317.2384463010078
54045,Logan County,WV,,,33.98944929260145
54049,Marion County,WV,,,133.70139077492587
54069,Ohio County,WV,,,98.04955233000128
54079,Putnam County,WV,,,50.805490853085864
54107,Wood County,WV,,,62.7683419073018
55009,Brown County,WI,,,181.79472678245781
55017,Chippewa County,WI,,,59.606138424264834
55019,Clark County,WI,,,29.885740647325946
55021,Columbia County,WI,,,81.03103528930306
55027,Dodge County,WI,,,60.43446928770598
55029,Door County,WI,,,36.52133231394189
55031,Douglas County,WI,,,26.39758454191104
55035,Eau Claire County,WI,,,74.47053819734074
55045,Green County,WI,,,33.64161032770079
55055,Jefferson County,WI,,,59.19230314961015
55063,La Crosse County,WI,,,76.03068599431487
55073,Marathon County,WI,,,63.66848259533603
55087,Outagamie County,WI,,,112.59146625869396
55093,Pierce County,WI,,,33.23161646874792
55101,Racine County,WI,,,278.14452759368623
55105,Rock County,WI,,,166.8115210096736
55109,St. Croix County,WI,,,34.708968035831475
55111,Sauk County,WI,,,66.8147862645315
55117,Sheboygan County,WI,,,113.27000986711154
55127,Walworth County,WI,,,92.4139864007887
55139,Winnebago County,WI,,,106.40643494147417
56005,Campbell County,WY,,,37.86851706447345
56019,Johnson County,WY,,,25.680548894132887
56025,Natrona County,WY,,,74.47942101148759
56033,Sheridan County,WY,,,37.21670113394988
56039,Teton County,WY,,,129.58700361225104
